Project,Tenderee,Winner,Price
陕西省红河谷森林公园星级酒店室内装饰装修项目,陕西省红河谷森林公园,陕西德利天下建筑工程有限公司,819.071641
宝鸡市金台区老旧小区改造2021年（第二批）小区内配套基础设施项目监理标项,金台区老旧小区改造工作领导小组办公室,华睿诚项目管理有限公司,54.6
2022 年凤县 2 万亩高标准农田建设项目9标段,凤县农业机械技术推广服务中心,陕西盛太建设工程有限公司,64.414021
陈仓区（高新片区）2022 年度 1.3 万亩高标准农田建设项目施工11标项,宝鸡市陈仓区千河镇人民政府,宝鸡世万德建筑工程有限公司,126.93955
2022 年凤县 2 万亩高标准农田建设项目8标段,凤县农业机械技术推广服务中心,陕西鼎羽豪建设工程有限公司,66.958938
军民融合应急产品升级改造项目蓄电池厂房、塑压厂房改造工程,陕西凌云电器集团有限公司,宝鸡建安集团股份有限公司,858.788134
千阳县2022年高标准农田建设项目五标段,千阳县农业农村局,昊轩建设有限公司,75.919252
陇县香菇菌袋加工厂建设项目六标段,陇县温水镇人民政府,陕西华良兴通建设工程有限公司,134.195
陈仓、清溪、钛谷渭河大桥照明提升工程三标段,宝鸡市城市建设投资开发有限公司,万邦建工集团有限公司,196.356671
宝鸡高新区法士特家属区老旧小区改造区内配套基础设施建设项目施工标段,宝鸡高新技术产业开发区管理委员会,陕西博晟源建设工程有限公司,645.199812
陇县 2023 年巩固拓展脱贫攻坚成果和乡村振兴饮水保障项目施工Ⅹ标项,陇县水利水电工作队,陕西海邦建设工程有限公司,66.012909
陈仓区2022年通村公路完善工程施工十二标段,宝鸡市陈仓区农村公路发展服务中心,陕西秦吉建设有限责任公司,111.652174
凤翔区 2022 年度 3.5 万亩高标准农田建设项目二十三标段,宝鸡市凤翔区农业农村局,陕西鸿远腾博建设工程有限公司,199.917185
扶风县住房保障服务中心电梯采购安装项目一标段,扶风县住房保障服务中心,西安恒星电梯有限公司,245.1
陇县香菇菌袋加工厂建设项目五标段,陇县温水镇人民政府,陕西鼎灿建设工程有限公司,142.208213
宝鸡市扶风县中央预算内2022年高标准农田建设项目22标段,扶风县高标准农田建设工作领导小组办公室,陕西秦岭水利工程有限公司,97.511368
宝鸡市渭滨区炭市街片区老旧小区改造区内配套基础设施建设项目一期施工,宝鸡市渭滨区住房和城乡建设局,陕西龚隆建设工程有限公司,766.126152
陇县 2023 年巩固拓展脱贫攻坚成果和乡村振兴饮水保障项目监理标段,陇县水利水电工作队,盛源鑫项目管理有限公司,22.1
宝鸡市凤翔区 2022 年农村公路养护工程一标段,宝鸡市凤翔区农村公路发展服务中心,凌轩建设集团有限公司,180.565511
凤县2022年度土地整治项目七标段,凤县金坤土地开发整理有限公司,陕西秦发祥建设工程有限公司,165.60128
宝鸡市金台区东门口片区老旧小区改造小区内配套基础设施项目（施工Ⅳ标段）,金台区老旧小区改造工作领导小组办公室,陕西正亿建设工程有限公司,638.480642
陇县 2023 年巩固拓展脱贫攻坚成果和乡村振兴饮水保障项目施工Ⅰ标项,陇县水利水电工作队,宝鸡君安建筑安装有限责任公司,165.858539
宝鸡市凤翔区汉封水库除险加固工程,宝鸡市凤翔区东风水库灌溉管理处,陕西晟泽昌建设工程有限公司,345.761123
宝鸡高新区南客站三期棚户区改造小区外配套基础设施建设项目一期,宝鸡高新技术产业开发区管理委员会,陕西龚隆建设工程有限公司,621.434536
眉县2022年通村公路完善工程、集中居住30户以上自然村通硬化路工程、建制村通双车道工程9标段,眉县农村公路发展服务中心,陕西明程建设工程有限公司,93.860317
宝鸡市金台区东门口片区老旧小区改造小区内配套基础设施项目（施工Ⅰ标段）,金台区老旧小区改造工作领导小组办公室,陕西千橡汇建设工程有限公司,919.425228
宝鸡市金台区宝福路151片区、宝福路5号院片区、东门口片区、沿河新村家属院、华辰小区、叉车三厂及斗中家属院、宝十路东片区、群众路沿线片区、卧龙寺街道电镀厂老旧小区改造项目Ⅶ标段,金台区老旧小区改造工作领导小组办公室,陕西国亿建设工程有限公司,234.250661
国道 310 线眉县青化至渭滨高家镇一级公路工程水土保持方案、防洪影响评价报告书项目,宝鸡市综合交通建设协调服务中心,西安黄河建科水利规划设计有限公司,58.883
陇县兰家堡至堡子公路改建工程（一标段）,陇县交通运输局,商洛道路工程公司,594.832085
凤翔区 2022 年度 3.5 万亩高标准农田建设项目二十五标段,宝鸡市凤翔区农业农村局,陕西西北建筑集团有限公司,200.862345
驿家坊·陈仓府项目（一期）施工,宝鸡市交通建设投资有限公司,陕西建工集团有限公司,41665.18597
宝鸡市市区桥梁健康检测项目（一标段）,宝鸡市城市建设投资开发有限公司,陕西西公院工程试验检测有限公司,410
宝鸡市金台区2022年度2万亩高标准农田建设项目三片区3标段,宝鸡市金台区农业农村局,陕西捷丰建筑工程有限公司,91.811475
岐山县2022年农村环境整治项目施工五标段益店镇晁村,宝鸡市生态环境局岐山分局,陕西贤格建设工程有限公司,151.73001
金台区十里铺街道张家底滑坡治理工程,宝鸡市自然资源和规划局金台分局,陕西地矿第二工程勘察院有限公司,450.715594
凤翔区 2022 年度 3.5 万亩高标准农田建设项目二十一标段,宝鸡市凤翔区农业农村局,陕西巨亿建设工程有限公司,64.205953
310 国道眉县青化至渭滨高家镇公路工程初步勘察设计及双院制技术咨询项目一标段,宝鸡市综合交通建设协调服务中心,西安长安大学工程设计研究院有限公司,3363.8021
安沟村王家坪生产服务中心建设项目,凤县双石铺镇人民政府,宝鸡二建集团有限公司,1199.710552
千阳县庙沟、皂角树沟水库除险加固工程一标段,千阳县灌溉管理站,陕西悦州建设工程有限公司,319.603254
宝鸡市渭滨区老旧小区（新建路西段）楼主体改造项目一期施工,陕西渭滨发展投资有限公司,陕西秦峰建筑工程有限责任公司,578.854704
千阳县2022年高标准农田建设项目一标段,千阳县农业农村局,宝鸡大地农业科技有限公司,56.60331
陈仓区2022年通村公路完善工程施工十标段,宝鸡市陈仓区农村公路发展服务中心,陕西中信泽建设工程有限公司,120.51396
凤翔区 2022 年度 3.5 万亩高标准农田建设项目二十八标段,宝鸡市凤翔区农业农村局,四川飞红工程管理咨询有限公司,86.3136
陕西省宝鸡市（岐山县）2022 年中央财政国土绿化试点示范项目凤鸣镇实施区四标段,岐山县林业局,宝鸡涝川天润绿化科技有限公司,274.5813
金台区罗家塄滑坡治理工程,宝鸡市自然资源和规划局金台分局,陕西核工业工程勘察院有限公司,589.593188
渭滨区晁峪河水生态治理项目,陕西渭滨发展投资有限公司,陕西晟泽昌建设工程有限公司,1394.432948
宝鸡高新区伐鱼河生态治理建设项目一标段,宝鸡市环境保护局高新分局,陕西秦峰建筑工程有限责任公司,824.954486
千阳县2022年高标准农田建设项目监理标段,千阳县农业农村局,西安森合工程建设监理有限公司,34.61
金河工业园区外贸服务中心项目一标段,宝鸡市金陵水务有限责任公司,陕西江昊建设工程有限公司,5318.249635
宝鸡高新区凉泉村棚户区改造项目安置小区外配套基础设施建设项目一期,宝鸡高新技术产业开发区管理委员会,陕西建安工程建设集团有限公司,521.288351
麟游县 2022年农村公路养护工程B标段,麟游县农村公路发展服务中心,陕西福林源路桥建设有限公司,163.153637
陈仓区（高新片区）2022年度1.3万亩高标准农田建设项目施工6标,宝鸡市陈仓区千河镇人民政府,陕西金辰宇润建设有限公司,135.088315
扶风县文化艺术中心总承包（EPC）项目监理,扶风县文化和旅游局,亿诚建设项目管理有限公司,198
宝鸡市扶风县中央预算内2022年高标准农田建设项目5标段,扶风县高标准农田建设工作领导小组办公室,陕西宏兴建设工程有限公司,130.714356
国道 310 线眉县青化至渭滨高家镇一级公路工程市场化融资项目,宝鸡市综合交通建设协调服务中心,北京大岳咨询有限责任公司,132
眉县 2022 年（第二批）农村公路养护工程,眉县农村公路发展服务中心,榆林市源泰建设工程有限公司,72.751005
宝鸡市扶风县中央预算内2022年高标准农田建设项目2标段,扶风县高标准农田建设工作领导小组办公室,昊轩建设有限公司,107.138428
千阳县2022年高标准农田建设项目十六标段,千阳县农业农村局,千阳县农业生产资料公司,34.38477
312 省道凤翔区长青镇马道口至城区段路面改造工程施工 III 标段,宝鸡市凤翔区交通运输局,陕西金路交通发展有限公司,2834.436651
S104 西宝中线阳平至陈仓公路（大众至光芒段）新改建工程,宝鸡市陈仓区交通运输局,陕西通达工程建设有限公司,1966.613286
宝鸡高新区伐鱼河生态治理建设项目四标段,宝鸡市环境保护局高新分局,凌轩建设集团有限公司,385.766391
陈仓区 2022 年新增普通国省道及农村公路养护工程施工四标段,宝鸡市陈仓区农村公路发展服务中心,陕西秦通盛达公路工程有限公司,317.17286
陈仓区（高新片区）2022 年度 1.3 万亩高标准农田建设项目施工12标项,宝鸡市陈仓区千河镇人民政府,陕西创铭建设工程有限责任公司,82.549324
凤翔区 2022 年度 3.5 万亩高标准农田建设项目二十九标段,宝鸡市凤翔区农业农村局,宝鸡金渭水利工程质量检测有限公司,12.977151
千阳县2022年高标准农田建设项目三十二标段,千阳县农业农村局,枫港建设有限公司,43.219072
宝鸡市凤翔区桃树沟水库除险加固工程监理标段,宝鸡市凤翔区横水河灌溉管理处,陕西方源正达项目管理咨询有限公司,11.66
凤翔区 2022 年度 3.5 万亩高标准农田建设项目十七标段,宝鸡市凤翔区农业农村局,陕西乾祯建设有限公司,86.9902
2022年凤县2万亩高标准农田建设项目33标段,凤县农业机械技术推广服务中心,陕西浩宇鑫盛建筑工程有限公司,73.968077
2022年凤县2万亩高标准农田建设项目26标段,凤县农业机械技术推广服务中心,陕西晟昌建设工程有限公司,60.526526
2021 年度岐山县黄河流域农业面源污染治理项目一期二标段,岐山县农业农村局,恒基晟业建设有限公司,123.965038
陕西省宝鸡市（岐山县）2022 年中央财政国土绿化试点示范项目退化林分修复崛山林场实施区（8标段）,岐山县林业局,宝鸡铭扬腾飞建筑工程有限公司,146.249265
凤县平木镇污水处理厂及配套管网建设项目二标段,凤县平木镇人民政府,陕西中汇建设工程有限公司,508.006111
宝鸡高新区马营镇永清村城中村改造项目售楼部装饰装修工程,宝鸡高新城市发展建设有限公司,陕西碧风鸿建设工程有限公司,989.869838
宝鸡市中心医院港务区分院和宝鸡市感染性疾病诊疗中心项目工程监理,宝鸡市中心医院,西安四方建设监理有限责任公司,603
宝鸡市金台区2022年度2万亩高标准农田建设项目三片区5标段,宝鸡市金台区农业农村局,陕西禹辉建设工程有限公司,93.856973
宝鸡市扶风县中央预算内2022年高标准农田建设项目26标段,扶风县高标准农田建设工作领导小组办公室,陕西朝扬建设工程有限公司,92.859104
2021 年中央水利发展资金麟游县水土保持项目一标段,麟游县水保生态工程建设项目办公室地,陕西晟泽昌建设工程有限公司,210.8828
岐山县2022年中央财政国土绿化试点示范项目故郡镇实施区六标段神龙山作业区二,岐山县林业局,陕西优景景观工程有限责任公司,130.348614
陈仓区千渭街道办事处公租房清水湾项目1#-3#楼及配套用房监理,宝鸡市陈仓区住房保障服务中心,鸿民国际工程咨询有限公司,275.76
宝鸡市金台区宝福路151片区、宝福路5号院片区、东门口片区、沿河新村家属院、华辰小区、叉车三厂及斗中家属院、宝十路东片区、群众路沿线片区、卧龙寺街道电镀厂老旧小区改造项目Ⅱ标段,金台区老旧小区改造工作领导小组办公室,宝鸡永安建筑工程有限责任公司,199.238982
凤翔区 2022 年度 3.5 万亩高标准农田建设项目三十标段,宝鸡市凤翔区农业农村局,西安坐标原点地理空间研究院有限公司,17.43
麟游县永安河中段、杜阳河桑园段提升改造项目施工标段,麟游县住房和城乡建设局,西安驰刚建设工程有限公司,1051.757783
眉县2022年通村公路完善工程、集中居住30户以上自然村通硬化路工程、建制村通双车道工程12标段,眉县农村公路发展服务中心,陕西天字建设有限公司,103.455078
陇县兰家堡至堡子公路改建工程（六标段）,陇县交通运输局,陕西西建路桥工程有限公司,601.86687
陈仓区 2020 年老旧小区改造西大街片区配套基础设施项目一标段,宝鸡市陈仓区住房和城乡建设局,陕西宇天建设工程有限公司,437.968624
凤县旺峪河三岔—留凤关段防洪工程（一期）施工Ⅰ标段,凤县河流治理工程项目办公室,陕西宏德祥建设工程有限公司,161.232132
宝鸡高新区明星三期棚户区改造小区外配套基础设施建设项目一期、宝鸡高新区凉泉村棚户区改造项目安置小区外配套基础设施建设项目一期（监理）,宝鸡高新技术产业开发区管理委员会,陕西铭典项目管理有限公司,13.22
陕西省宝鸡市（岐山县）2022 年中央财政国土绿化试点示范项目退化林分修复崛山林场实施区（9标段）,岐山县林业局,陕西宇鹏程建设工程有限公司,151.803605
千阳县水沟集中供水提升改造工程施工标段,千阳县水沟供水管理站,陕西建工集团股份有限公司,2350.58252
千阳县2022年高标准农田建设项目二十标段,千阳县农业农村局,宝鸡西岐肥业有限公司,52.0515
2021年永利村农副产品加工及销售项目,金台区永利村股份经济合作社,宝鸡市华驰建筑工程有限公司,112.838095
岐山县京当镇建材工业园公共租赁住房小区外配套基础设施建设项目（一期）,岐山县京当镇人民政府,陕西瀚智达建设工程有限公司,596.077493
2022年凤县2万亩高标准农田建设项目38标段,凤县农业机械技术推广服务中心,陕西合旺建设工程有限公司,67.987989
渭滨区清姜河太平庄至益门堡段防洪治理工程一标段,陕西渭滨发展投资有限公司,陕西省渭河工程局,586.628598
陈仓区老旧小区改造群力路片区区外配套基础设施建设项目施工,宝鸡市陈仓区住房和城乡建设局,陕西华晶建设有限公司,2009.330538
陇县兰家堡至堡子公路改建工程（监理标段）,陇县交通运输局,内蒙古宏远建设监理有限责任公司,42.53
凤翔区 2022 年度 3.5 万亩高标准农田建设项目一标段,宝鸡市凤翔区农业农村局,陕西云业建设工程有限公司,244.632008
宝鸡市310国道安全提升工程施工,宝鸡市公路局,宝鸡市路桥工程公司,432.062417
西凤酒酿酒工业遗产群提升改造项目-游客接待中心工程监理,陕西西凤酒股份有限公司,通号建设集团第一工程有限公司,2892.81613
陈仓区2022年通村公路完善工程施工六标段,宝鸡市陈仓区农村公路发展服务中心,陕西启强建筑工程有限公司,99.058034
凤翔区 2022 年度 3.5 万亩高标准农田建设项目五标段,宝鸡市凤翔区农业农村局,宝鸡西岐肥业有限公司,164.909765
2022 年度千河千阳县屈家湾村、水沟村、纸坊沟村段防洪治理工程——纸坊沟村段工程Ⅲ标段,千阳县河务工作站,陕西中岭建设工程有限公司,403.019153
太白县老旧小区（南大街片区）改造小区内配套基础设施项目二标段,太白县住房保障服务中心,宝鸡中业建筑工程有限公司,84.826728
麟游县 2022年农村公路养护工程C标段,麟游县农村公路发展服务中心,陕西星元建设工程有限公司,83.158503
宝鸡市金台区宝福路151片区、宝福路5号院片区、东门口片区、沿河新村家属院、华辰小区、叉车三厂及斗中家属院、宝十路东片区、群众路沿线片区、卧龙寺街道电镀厂老旧小区改造项目Ⅵ标段,金台区老旧小区改造工作领导小组办公室,陕西旭光建设工程有限公司,401.314572
国道310征地拆迁造价咨询、地质灾害评估、压覆矿产评估服务项目,宝鸡市综合交通建设协调服务中心,陕西龙元勘测设计有限公司,19.5
陕西省宝鸡市（岐山县）2022 年中央财政国土绿化试点示范项目退化林分修复崛山林场实施区（5标段）,岐山县林业局,陕西泽楷依实业有限公司,282.10203
陇县2022年农村公路养护工程施工5标段,陇县农村公路管理站,陕西西建路桥工程有限公司,40.2
宝鸡市扶风县中央预算内2022年高标准农田建设项目32标段,扶风县高标准农田建设工作领导小组办公室,诺力泰国际建设集团有限公司,59.8
2022年凤县2万亩高标准农田建设项目23标段,凤县农业机械技术推广服务中心,陕西欣朗建设工程有限公司,42.159789
千阳县2022年高标准农田建设项目十五标段,千阳县农业农村局,陕西中和安建设工程有限公司,49.132607
高新区 2022 年农村公路项目及水毁道路维修工程施工二标段,宝鸡高新技术产业开发区管理委员会,陕西怡安建设工程有限公司,171.169869
陇县2022年农村公路养护工程施工3标段,陇县农村公路管理站,陕西太和建设工程有限公司,61.094135
扶风县城垃圾无害化处理场提标改造工程一标段,扶风绿盛城建有限责任公司,周秦建设有限公司,1172.393254
金台区 2021 年（第二批）老旧小区改造项目施工二标段,金台区老旧小区改造工作领导小组办公室,陕西瀚智达建设工程有限公司,321.214642
麟游县 2022 年度 7 处地质灾害隐患点治理工程五标段,麟游县自然资源局,延安丰腾建筑工程有限责任公司,80.611822
宝鸡市凤翔区2022年“最美农村路”三王路、小南路项目第一合同标段,宝鸡市凤翔区农村公路发展服务中心,陕西西建路桥工程有限公司,605.362695
宝鸡市高新区 2021 年农村生活污水治理项目一标段,宝鸡市环境保护局高新分局,陕西幕皓建筑工程有限公司,394.161113
宝鸡市扶风县中央预算内2022年高标准农田建设项目31标段,扶风县高标准农田建设工作领导小组办公室,华智建项目管理有限公司,66.2496
宝鸡职业技术学院学生宿舍改造项目,宝鸡职业技术学院,陕西雄霸建筑工程有限公司,437.047049
2022 年省级水利发展资金眉县城区供水管网改造工程材料标段,眉县平阳自来水有限责任公司,宝鸡市福德给水配套设备有限公司,260.6779
宝鸡市高新区 2021 年农村生活污水治理项目二标段,宝鸡市环境保护局高新分局,陕西龙洋建设有限公司,420.166593
宝鸡市生活垃圾处理项目场地平整工程,陕西恒源城环境电力有限责任公司,宝鸡二建集团有限公司,658.330279
千阳县2022年高标准农田建设项目三十五标段,千阳县农业农村局,陕西煜昇工程技术有限公司,68.051622
眉县2022年通村公路完善工程、集中居住30户以上自然村通硬化路工程、建制村通双车道工程8标段,眉县农村公路发展服务中心,陕西海邦建设工程有限公司,92.892636
宝鸡隆科机床有限公司双鸥家属区老旧小区小区内改造配套基础设施项目三标段项目,宝鸡隆科机床有限公司,陕西大成建筑工程有限公司,719.111812
2022 年凤县 2 万亩高标准农田建设项目10标段,凤县农业机械技术推广服务中心,陕西鸿敏达建设工程有限公司,42.623346
宝汉高速凤翔连接线（西府大道）中央隔离带绿化工程,宝鸡市凤翔区农村公路发展服务中心,华玥建设工程有限公司,56.098349
眉县远门河水库工程监理Ⅱ标项,眉县水务发展有限责任公司,陕西省水利工程建设监理有限责任公司,28.8
眉县 2022 年（第二批）农村公路养护工程,眉县农村公路发展服务中心,陕西华鑫源建筑工程有限公司,469.109093
千阳县苏陕产业园一期施工项目,千阳县碧盛建陶园开发有限公司,陕西宇天建设工程有限公司,2431.506005
陇县兰家堡至堡子公路改建工程（五标段）,陇县交通运输局,枫港建设有限公司,211.515742
岐山县 2022 年“四好农村路”示范县奖补项目扶曹公路特坏路段路面改造工程一标段,岐山县交通运输局,陕西骐骏建设工程有限公司,396.614034
凤县县城公共停车场建设项目（二期）Ⅳ标段施工,凤县城市建设投资开发有限责任公司,陕西省现代建筑设计研究院有限公司,498.188853
陕西鳌山滑雪度假区对外连接公路改建工程,太白县交通运输局,陕西盛世乾坤建设工程有限公司,529.486205
陕西省宝鸡市（扶风县）2022年中央财政国土绿化试点示范项目新造防护林工程5标段,扶风县林业局,陕西乔山景行园林绿化有限公司,203.66431
金台区 2021 年（第二批）老旧小区改造项目施工四标段,金台区老旧小区改造工作领导小组办公室,陕西宇凡建设工程有限公司,368.030821
宝鸡市凤翔区2022年典型引领村环境整治项目监理标段,宝鸡市凤翔区乡村振兴工程项目办公室,陕西顺创项目管理有限公司,7
2022年太白县红岩河石沟段（石沟河）防洪工程六标段,太白县河务工作站,陕西富源水电工程有限公司,260.15322
太白县老旧小区（南大街片区）改造小区内配套基础设施项目七标段,太白县住房保障服务中心,陕西万润佳汇建设工程有限公司,84.468335
陕西省虢镇强制隔离戒毒所改扩建项目动力中心工程（二次）,陕西省虢镇强制隔离戒毒所,江西建工第一建筑有限责任公司,660.542663
金台区 2021 年（第二批）老旧小区改造项目施工五标段,金台区老旧小区改造工作领导小组办公室,陕西方泰建设工程有限公司,800.71953
凤翔区 2022 年度 3.5 万亩高标准农田建设项目十标段,宝鸡市凤翔区农业农村局,陕西创恒轩建筑工程有限公司,156.345181
陈仓区2022年通村公路完善工程施工七标段,宝鸡市陈仓区农村公路发展服务中心,陕西秦发祥建设工程有限公司,101.016251
渭河综合整治上游干流陈仓区凤阁岭镇段防护工程,陈仓区水利水电项目建设管理办公室,陕西盛义建设集团有限公司,194.67312
渭河综合整治上游干流陈仓区拓石镇段一期防护工程二标段,宝鸡市陈仓区渭河综合治理保护中心,陕西盛鑫建筑安装工程有限公司,245.634198
2022年凤县2万亩高标准农田建设项目39标段,凤县农业机械技术推广服务中心,北京清大原点建筑设计有限公司,13.570727
眉县2022年通村公路完善工程、集中居住30户以上自然村通硬化路工程、建制村通双车道工程10标段,眉县农村公路发展服务中心,陕西舜方建设工程有限公司,107.750269
凤翔区 2022 年度 3.5 万亩高标准农田建设项目三标段,宝鸡市凤翔区农业农村局,陕西汇峰农业发展有限公司,230.73624
千阳县2022年高标准农田建设项目十二标段,千阳县农业农村局,陕西华德建设工程有限公司,54.101316
陇县 2023 年巩固拓展脱贫攻坚成果和乡村振兴饮水保障项目施工Ⅸ标项,陇县水利水电工作队,陕西中诚万润建设工程有限公司,58.241331
岐山县 2022 年中央财政国土绿化试点示范项目蒲村镇实施区二标段北庄营 2 作业区,岐山县林业局,陕西喜林绿化工程建设有限公司,221.101108
麟游县中学教学综合楼建设项目施工标段,麟游县中学,陕西宇天建设工程有限公司,1919.795561
陕西省宝鸡市（岐山县）2022 年中央财政国土绿化试点示范项目凤鸣镇实施区二标段,岐山县林业局,宝鸡祥腾瑞建设工程有限公司,255.4541
陈仓区（高新片区）2022年度1.3万亩高标准农田建设项目施工5标,宝鸡市陈仓区千河镇人民政府,陕西先河水利工程有限公司,99.172848
眉县2022年通村公路完善工程、集中居住30户以上自然村通硬化路工程、建制村通双车道工程1标段,眉县农村公路发展服务中心,陕西福林源路桥建设有限公司,116.820734
宝鸡高新区伐鱼河生态治理建设项目二标段,宝鸡市环境保护局高新分局,亿洋建设有限公司,530.790159
千阳县2022年高标准农田建设项目七标段,千阳县农业农村局,陕西致诚建设有限公司,59.894083
眉县常兴镇杨家六组滑坡治理工程,眉县矿产资源服务中心,陕西天地地质有限责任公司,1004.827945
宝鸡市扶风县中央预算内2022年高标准农田建设项目24标段,扶风县高标准农田建设工作领导小组办公室,陕西隆煜桥坤建设工程有限公司,87.114297
宝鸡市凤翔区柳林酒城供水管网连接工程,宝鸡市雍城自来水有限公司,陕西洪畅建设有限公司,159.412894
岐山县2022年中央财政国土绿化试点示范项目故郡镇实施区五标段神龙山作业区一,岐山县林业局,陕西恒业源农林生态产业有限公司,175.6617
凤县嘉陵江生态保护提升项目（南岸一期）五标段,凤县住房和城乡建设局,中格建设股份有限公司,778.638031
岐山县蒲村镇蒲村村供水管网改造工程（岐山县 2022 年农村饮水巩固提升工程施工Ⅹ～Ⅺ标项）,岐山县城乡供水工程项目建设办公室,宝鸡永安建筑工程有限责任公司,201.105841
宝鸡市扶风县中央预算内2022年高标准农田建设项目10标段,扶风县高标准农田建设工作领导小组办公室,陕西禹辉建设工程有限公司,93.944142
宝鸡市扶风县中央预算内2022年高标准农田建设项目4标段,扶风县高标准农田建设工作领导小组办公室,陕西聚亿顺建设有限公司,139.946453
2022年太白县红岩河石沟段（石沟河）防洪工程五标段,太白县河务工作站,陕西黎明建设工程有限公司,196.327182
岐山县 2022 年中央财政国土绿化试点示范项目蒲村镇实施区六标段罗家窑 2 作业区,岐山县林业局,杨凌吾创园林绿化工程有限公司,175.790954
2022年凤县2万亩高标准农田建设项目36标段,凤县农业机械技术推广服务中心,陕西中岭建设工程有限公司,64.161248
陈仓区千渭街道办事处公租房清水湾项目1#-3#楼及配套用房施工,陕西北宸轩宇置业有限公司,陕西志绍建设工程有限公司,30344.46892
S222陈仓县功至新街公路改扩建工程新街街道改线段工程监理标段,宝鸡市陈仓区交通运输局,河南大同路桥技术咨询有限公司,63.74
岐山县 2022 年中央财政国土绿化试点示范项目蒲村镇实施区一标段北庄营 1 作业区,岐山县林业局,宝鸡振华农业发展有限公司,208.477192
扶风科技工业园北一路东段和街子二路道路及排水工程 ,扶风科技工业园区事务中心,周秦建设有限公司,1426.874986
千阳县郝家坡水库除险加固工程,千阳县灌溉管理站,陕西三德实业有限公司,524.572393
陇县草原生态修复治理项目五标段,陇县国有关山林场,陕西鼎钰建设工程有限公司,73.811626
千阳县2022年高标准农田建设项目六标段,千阳县农业农村局,陕西怡安建设工程有限公司,87.525821
宝鸡市凤翔区 2022 年农村公路养护工程二标段,宝鸡市凤翔区农村公路发展服务中心,陕西西建路桥工程有限公司,199.109501
陕西省宝鸡市（岐山县）2022 年中央财政国土绿化试点示范项目退化林分修复崛山林场实施区（3标段）,岐山县林业局,陕西金岛顺建设工程有限公司,141.47552
凤县平木镇污水处理厂及配套管网建设项目一标段,凤县平木镇人民政府,陕西正信昌德建设工程有限公司,189.954926
眉县第五幼儿园新建项目 ,眉县第三幼儿园,江西省河曦建设工程有限公司,2875.861154
千阳县2022年高标准农田建设项目十八标段,千阳县农业农村局,杨凌新领地生物科技有限公司,43.66896
宝鸡秦腔博物馆建设项目 EPC 总承包全过程造价咨询服务,宝鸡市文化艺术演出公司,天鉴国际工程管理有限公司,49.68
凤翔区 2022 年度 3.5 万亩高标准农田建设项目十六标段,宝鸡市凤翔区农业农村局,沪大建设有限公司,228.57585
陈仓、清溪、钛谷渭河大桥照明提升工程二标段,宝鸡市城市建设投资开发有限公司,西安万融环境亮化工程有限公司,303.906798
陈仓区2022年通村公路完善工程施工三标段,宝鸡市陈仓区农村公路发展服务中心,陕西隆煜桥坤建设工程有限公司,79.164397
凤县2022年度土地整治项目三标段,凤县金坤土地开发整理有限公司,陕西中诚万润建设工程有限公司,171.236952
宝鸡市金台区寺沟水库除险加固工程,宝鸡市金台区水利水保工作站,中安景跃建设有限公司,121.199977
312 省道凤翔区长青镇马道口至城区段路面改造工程2标段,宝鸡市凤翔区交通运输局,宝鸡市交通建设工程试验检测中心,91.888
2022年凤县2万亩高标准农田建设项目35标段,凤县农业机械技术推广服务中心,陕西驰志建筑工程有限公司,73.440167
宝鸡市扶风县中央预算内2022年高标准农田建设项目14标段,扶风县高标准农田建设工作领导小组办公室,陕西巨睿建筑工程有限公司,96.171417
宝鸡市扶风县中央预算内2022年高标准农田建设项目27标段,扶风县高标准农田建设工作领导小组办公室,陕西景峰恒业建筑工程有限公司,100.308216
凤州古城中街、西街及大老巷入口环境改造提升项目,凤县凤州镇人民政府,陕西诚迅合建设工程有限公司,494.639696
宝鸡市扶风县中央预算内2022年高标准农田建设项目6标段,扶风县高标准农田建设工作领导小组办公室,陕西唐央建设工程有限公司,89.997205
千阳县2022年高标准农田建设项目三十四标段,千阳县农业农村局,陕西铭池建设工程有限责任公司,41.220166
陕西省宝鸡市（岐山县）2022 年中央财政国土绿化试点示范项目退化林分修复崛山林场实施区（7标段）,岐山县林业局,陕西宝鸡永固土地整理有限公司,245.238738
陈仓区2022年通村公路完善工程施工五标段,宝鸡市陈仓区农村公路发展服务中心,陕西华鑫源建筑工程有限公司,87.323514
千阳县2022年高标准农田建设项目十四标段,千阳县农业农村局,陕西华海水利工程有限公司,45.457261
凌云科研配套中心建设项目电梯采购及安装工程,陕西凌云电器集团有限公司,陕西经纬电梯有限公司,246.3
陈仓区 2022 年新增普通国省道及农村公路养护工程施工二标段,宝鸡市陈仓区农村公路发展服务中心,陕西运瀚鸿森实业有限公司,232.319373
眉县县城区停车场项目,眉县城市基础设施建设有限公司,陕西奕彰建设工程有限公司,2978.06851
扶风县城垃圾无害化处理场提标改造工程三标段,扶风绿盛城建有限责任公司,陕西金兴和建设工程有限公司,113.643564
凤县秦岭生态避灾搬迁项目（凤县凤州镇桑园村集中安置点）,凤县城市建设投资开发有限责任公司,宝鸡永安建筑工程有限责任公司,541.205182
2022年凤县2万亩高标准农田建设项目28标段,凤县农业机械技术推广服务中心,陕西岚海建筑安装工程有限公司,64.98345
千阳县2022年高标准农田建设项目三十一标段,千阳县农业农村局,陕西航建建设工程有限公司,48.31768
陕西省宝鸡市（扶风县）2022 年中央财政国土绿化试点示范项目退化林分修复工程二区十八标段,扶风县林业局,陕西海邦建设工程有限公司,169.103988
千阳县2022年高标准农田建设项目十九标段,千阳县农业农村局,陕西睿浩生物有限公司,43.9139
宝鸡高新区马营镇永清村城中村改造项目售楼部室外景观绿化工程,宝鸡高新城市发展建设有限公司,陕西龚隆建设工程有限公司,1344.094309
太白县老旧小区（南大街片区）改造小区内配套基础设施项目四标段,太白县住房保障服务中心,陕西宏达建筑工程有限责任公司,75.392863
宝鸡市扶风县中央预算内2022年高标准农田建设项目12标段,扶风县高标准农田建设工作领导小组办公室,陕西创恒轩建筑工程有限公司,108.179527
宝鸡市渭滨区“百万亩绿色碳库”试点示范基地建设项目施工三标段（二次）,陕西渭滨发展投资有限公司,宝鸡吉顺通建筑工程有限责任公司,202.74536
太白县石头河左岸桃川镇枣园村段堤防水毁修复工程,太白县河务工作站,陕西聚亿顺建设有限公司,253.772716
陇县 2023 年巩固拓展脱贫攻坚成果和乡村振兴饮水保障项目施工Ⅶ标项,陇县水利水电工作队,陕西康惠建设工程有限公司,53.755566
岐山县2022年中央财政国土绿化试点示范项目故郡镇实施区三标段簸箕掌作业区一,岐山县林业局,宝鸡盛映祥开绿化有限公司,159.470724
千阳县2022年高标准农田建设项目十七标段,千阳县农业农村局,陕西恒有农业科技有限公司,43.8894
凤翔区 2022 年度 3.5 万亩高标准农田建设项目十四标段,宝鸡市凤翔区农业农村局,陕西华盾创典建设工程有限公司,201.402217
凤县老旧小区（新民街片区）改造小区外配套基础设施建设项目（一期）,凤县顺达城市建设工程有限公司,榆林市源泰建设工程有限公司,401.929226
陕西省宝鸡市（岐山县）2022 年中央财政国土绿化试点示范项目退化林分修复崛山林场实施区（6标段）,岐山县林业局,陕西浦昌驰建设工程有限公司,247.447695
2022 年凤县 2 万亩高标准农田建设项目7标段,凤县农业机械技术推广服务中心,宝鸡茂辉源农业科技有限公司,47.815055
凤县县城公共停车场建设项目（二期）Ⅲ标段施工,凤县城市建设投资开发有限责任公司,陕西金兴和建设工程有限公司,1190.961061
千阳县2022年高标准农田建设项目二十四标段,千阳县农业农村局,陕西虹升建设工程有限公司,52.40069
岐山县秦岭生态保护和修复 2021 年退化林修复项目国有崛山林场实施区四标段,岐山县林业局,宝鸡振华农业发展有限公司,129.539646
2023年凤县秦岭清洁型小流域综合治理工程,凤县水保生态工程项目办公室,宝鸡永安建筑工程有限责任公司,331.555883
金台区 2021 年（第二批）老旧小区改造项目施工三标段,金台区老旧小区改造工作领导小组办公室,陕西腾博建设工程有限公司,307.973497
麟游县 2022 年九成宫镇 1万亩高标准农田建设项目监理,麟游县农业农村局,万锦建设集团有限公司,20.78
宝鸡市扶风县中央预算内2022年高标准农田建设项目29标段,扶风县高标准农田建设工作领导小组办公室,陕西曙泰建设工程有限公司,113.652
千阳县庙沟、皂角树沟水库除险加固工程二标段,千阳县灌溉管理站,陕西禹辉建设工程有限公司,246.041302
宝鸡市扶风县中央预算内2022年高标准农田建设项目1标段,扶风县高标准农田建设工作领导小组办公室,陕西赟鹏建设工程有限公司,120.783015
宝鸡市陈仓区阳平镇渭河入河口水生态环境综合整治项目,宝鸡市陈仓区阳平镇人民政府,丰汇国际项目管理有限公司,35.5
陕西省宝鸡市（扶风县）2022年中央财政国土绿化试点示范项目新造防护林工程三标段,扶风县林业局,陕西宝枫园林科技工程有限公司,254.327642
凤县2022年度土地整治项目监理标段,凤县金坤土地开发整理有限公司,陕西兴华恒通项目管理有限公司,29.9036
凤翔区 2022 年度 3.5 万亩高标准农田建设项目十五标段,宝鸡市凤翔区农业农村局,陕西奥龙建设工程有限公司,88.820215
塔稍河流域生态修复治理项目,陕西渭滨发展投资有限公司,陕西中辰实业有限公司,1219.880259
宝鸡市凤翔区2022年典型引领村环境整治项目二标段,宝鸡市凤翔区乡村振兴工程项目办公室,陕西华盾创典建设工程有限公司,51.57002
宝鸡市市区桥梁健康检测项目（二标段）,宝鸡市城市建设投资开发有限公司,陕西海嵘工程试验检测股份有限公司,316.5568
陈仓、清溪、钛谷渭河大桥照明提升工程一标段,宝鸡市城市建设投资开发有限公司,西安义成建设工程有限公司,293.358297
千阳县2022年高标准农田建设项目二十一标段,千阳县农业农村局,中星旭建设有限公司,66.174567
宝鸡市金台太极源文化景区除险维修加固项目一标段,宝鸡市金台太极源文化景区管理委员会办公室地,陕西辰泰建设工程有限公司,359.495369
岐山县 2022 年农村环境整治项目施工一标段凤鸣镇朝阳村,宝鸡市生态环境局岐山分局,陕西鑫丰建设有限公司,117.421917
麟游县 2022 年九成宫镇 1万亩高标准农田建设项目四标段,麟游县农业农村局,陕西星元建设工程有限公司,134.497499
凤县2022年度土地整治项目十标段,凤县金坤土地开发整理有限公司,陕西永正水利建设工程有限公司,125.516953
岐山县 2022 年中央财政国土绿化试点示范项目蒲村镇实施区五标段罗家窑 1 作业区,岐山县林业局,陕西海力达实业有限公司,91.398139
凤县2022年度土地整治项目六标段,凤县金坤土地开发整理有限公司,陕西万象坤实业有限公司,224.75049
陇县兰家堡至堡子公路改建工程（二标段）,陇县交通运输局,陕西秦龙建设工程有限公司,432.409835
麟游县 2022 年九成宫镇1 万亩高标准农田建设项目六标段,麟游县农业农村局,西安方田实业有限公司,113.79221
金台区 2021年农村公路水毁灾害恢复重建项目（第一批）,宝鸡市金台区农村公路发展服务中心,陕西华鑫源建筑工程有限公司,199.5233
凤翔区 2022 年度 3.5 万亩高标准农田建设项目二十七标段,宝鸡市凤翔区农业农村局,陕西亘业建设工程有限公司,209.99765
2022年凤县2万亩高标准农田建设项目27标段,凤县农业机械技术推广服务中心,凤县鸿乐农机专业合作社,68.520667
宝鸡市冯家山灌区小型水库除险加固工程监理服务,宝鸡市冯家山水库管理局,陕西大安工程建设监理有限责任公司,28.769972
陇县兰家堡至堡子公路改建工程（三标段）,陇县交通运输局,陕西中和安建设工程有限公司,576.708645
扶风县城新区北片区雨水主管网二期工程,扶风县住房和城乡建设局,陕西姜炎建设工程有限公司,868.585898
岐山县老旧小区（佳庆花园）改造小区内配套基础设施项目一期施工,陕西周原城市建设投资开发有限公司,陕西中元建筑工程有限公司,514.017176
蟠龙塬区城乡供水一体化项目、渭河流域主城区水环境治理项目、渭河市区段堤防加固及水生态治理项目市场化融资咨询服务项目,宝鸡市水环境集团有限公司,北京大岳咨询有限责任公司,110
2022年凤县2万亩高标准农田建设项目24标段,凤县农业机械技术推广服务中心,宝鸡市嘉农科技有限公司,35.500833
麟游县 2022 年度 7 处地质灾害隐患点治理工程一标段,麟游县自然资源局,安康市花园建筑工程有限公司,388.979796
宝鸡市凤翔区 2022 年省级补助资金农村供水维修养护工程,宝鸡市凤翔区农村供水保障工程项目办公室,陕西熙辰奕建设工程有限公司,45.757284
金台区全民健身中心项目,宝鸡市蟠龙新区开发建设管理委员会,陕西博嘉建设工程有限公司,988.709483
千阳县2022年高标准农田建设项目三十三标段,千阳县农业农村局,陕西中诚生态建设有限公司,44.2107
宝鸡市眉县霸王河红河村至街道村段河道治理工程,眉县河务工作站,咸阳广誉建设监理有限公司,43.2209
眉县2022年通村公路完善工程、集中居住30户以上自然村通硬化路工程、建制村通双车道工程11标段,眉县农村公路发展服务中心,陕西博维建设工程有限公司,124.311659
2022 年度千河千阳县屈家湾村、水沟村、纸坊沟村段防洪治理工程——纸坊沟村段工程Ⅱ标段,千阳县河务工作站,陕西东博伟业建设工程有限公司,389.0802
虢磻、团结渭河大桥照明提升工程施工二标段,宝鸡市城市建设投资开发有限公司,中格建设股份有限公司,242.569457
岐山县 2022 年中央财政国土绿化试点示范项目蒲村镇实施区七标段崛山沟作业区,岐山县林业局,陕西荷业城建筑工程有限公司,182.379096
眉县 2022年农村公路养护工程二标段,眉县农村公路发展服务中心,陕西怡安建设工程有限公司,114.571554
渭滨区清姜河太平庄至益门堡段防洪治理工程二标段,陕西渭滨发展投资有限公司,陕西宏兴建设工程有限公司,364.186998
眉县县城西片区绿化工程,眉县城市基础设施建设有限公司,陕西腾博建设工程有限公司,461.070109
宝鸡市凤翔区桃树沟水库除险加固工程一标段,宝鸡市凤翔区横水河灌溉管理处,陕西荔鑫朝阳建设有限公司,79.918344
宝鸡市中心医院港务区分院和宝鸡市感染性疾病诊疗中心项目工程施工二标段,宝鸡市中心医院,中国建筑第八工程局有限公司,43672.57564
国道 310 线眉县青化至渭滨高家镇公路工程对陕西眉县龙源湿地公园、陕西岐山落星湾国家湿地公园生态影响专题报告技术服务,宝鸡市综合交通建设协调服务中心,西安绿友环境工程有限公司,101.68
宝鸡市中心医院港务区分院和宝鸡市感染性疾病诊疗中心医用气体系统采购及配套安装项目,宝鸡市中心医院,四川港通医疗设备集团股份有限公司,1395.0618
陇县2022年农村公路养护工程施工2标段,陇县农村公路管理站,陕西秦龙建设工程有限公司,59.573216
眉县2022年通村公路完善工程、集中居住30户以上自然村通硬化路工程、建制村通双车道工程13标段,眉县农村公路发展服务中心,陕西博德景观建设有限公司,103.485807
G244凤翔县城至虢镇公路项目前期工作地震安全性评价、防洪影响评价、地质灾害危险性评价、两阶段设计安全性评价共四项咨询服务三标段,宝鸡市公路局,陕西核工业工程勘察院有限公司,15.85
陇县兰家堡至堡子公路改建工程（四标段）,陇县交通运输局,陕西盛鑫建筑安装工程有限公司,727.984964
麟游县 2022 年九成宫镇 1万亩高标准农田建设项目五标段,麟游县农业农村局,陕西宝和通实业有限公司,336.386835
凤翔区 2022 年度 3.5 万亩高标准农田建设项目十三标段,宝鸡市凤翔区农业农村局,鸿川建筑产业集团有限公司,267.98656
陕西省宝鸡市(扶风县)2022 年中央财政国土绿化试点示范项目退化林分修复工程三区第 22 标段（二次）,扶风县林业局,陕西缤纷园林设计工程有限公司,224.82432
虢磻、团结渭河大桥照明提升工程施工一标段,宝鸡市城市建设投资开发有限公司,陕西铭睿市政工程有限公司,74.333524
麟游县常丰镇人民政府保障性租赁住房工程,麟游县常丰镇人民政府,天鉴国际工程管理有限公司,12.95
凤翔区 2022 年度 3.5 万亩高标准农田建设项目九标段,宝鸡市凤翔区农业农村局,宝鸡大地农业科技有限公司,111.792
陈仓区（高新片区）2022 年度 1.3 万亩高标准农田建设项目施工14标项,宝鸡市陈仓区千河镇人民政府,陕西乾祯建设有限公司,118.429505
2022 年凤县 2 万亩高标准农田建设项目6标段,凤县农业机械技术推广服务中心,陕西彬森建筑工程有限公司,56.059185
宝鸡市金台区2022年度2万亩高标准农田建设项目三片区7标段,宝鸡市金台区农业农村局,宝鸡华夏建设工程监理咨询有限责任公司,26.05
宝鸡市凤翔区2022年“最美农村路”三王路、小南路项目JL合同标段,宝鸡市凤翔区农村公路发展服务中心,宝鸡市秦通公路工程监理有限责任公司,17.993
陈仓区2022年通村公路完善工程施工一标段,宝鸡市陈仓区农村公路发展服务中心,陕西先河水利工程有限公司,84.81115
宝鸡高新区旭光村保障性安居工程小区外配套基础设施建设项目一期,宝鸡高新技术产业开发区管理委员会,陕西华晶建设有限公司,775.253196
凤县县城嘉陵江南片区保障性住房小区外配套排水管网工程EPC项目(一期）,凤县顺达城市建设工程有限公司,宝鸡永安建筑工程有限责任公司,493.1
凤翔区 2022 年度 3.5 万亩高标准农田建设项目二十四标段,宝鸡市凤翔区农业农村局,陕西金辰宇润建设有限公司,194.186608
凤县嘉陵江生态保护提升项目（南岸一期）三标段,凤县住房和城乡建设局,陕西中信泽建设工程有限公司,672.115605
310 国道眉县青化至渭滨高家镇公路工程初步勘察设计及双院制技术咨询项目二标段,宝鸡市综合交通建设协调服务中心,中交第一公路勘察设计研究院有限公司,206.745
陇县 2023 年巩固拓展脱贫攻坚成果和乡村振兴饮水保障项目施工Ⅱ标项,陇县水利水电工作队,宝鸡世万德建筑工程有限公司,88.566364
高新区 2022 年农村公路项目及水毁道路维修工程施工三标段,宝鸡高新技术产业开发区管理委员会,陕西华鑫源建筑工程有限公司,155.364905
岐山县2022年中央财政国土绿化试点示范项目故郡镇实施区一标段桃花顶作业区,岐山县林业局,陕西康惠建设工程有限公司,260.79097
岐山县蒲村镇景令村供水提升改造工程（岐山县 2022 年农村饮水巩固提升工程施工Ⅶ～Ⅸ标项）,岐山县城乡供水工程项目建设办公室,陕西聚亿顺建设有限公司,171.065915
凤县2022年度土地整治项目四标段,凤县金坤土地开发整理有限公司,陕西优盾时代建设工程有限公司,137.901778
陈仓区（高新片区）2022 年度 1.3 万亩高标准农田建设项目施工9标项,宝鸡市陈仓区千河镇人民政府,昊轩建设有限公司,114.656888
陈仓区（高新片区）2022年度1.3万亩高标准农田建设项目施工3标,宝鸡市陈仓区千河镇人民政府,灵台县金色田野农产品经销有限公司,61.918317
金台区长坪公路延伸段道路改造工程,宝鸡市金台区住房和城乡建设局地,陕西旭光建设工程有限公司,176.74
陈仓区2022年通村公路完善工程施工八标段,宝鸡市陈仓区农村公路发展服务中心,陕西广汇建筑有限公司,84.878961
国道310征地拆迁造价咨询、地质灾害评估、压覆矿产评估服务项目,宝鸡市综合交通建设协调服务中心,红城国际工程项目管理有限公司,88.0012
陈仓区（高新片区）2022 年度 1.3 万亩高标准农田建设项目施工13标项,宝鸡市陈仓区千河镇人民政府,陕西洪畅建设有限公司,62.228657
眉县 2022 年（第二批）农村公路养护工程,眉县农村公路发展服务中心,陕西中信泽建设工程有限公司,139.683726
2022年凤县2万亩高标准农田建设项目29标段,凤县农业机械技术推广服务中心,陕西一林工程有限责任公司,54.688485
宝鸡市金台区2022年度2万亩高标准农田建设项目三片区8标段,宝鸡市金台区农业农村局,陕西腾方项目管理有限公司,38.58
太白县桃川镇枣园生态清洁小流域综合治理工程II标段,太白县水土保持工作站,陕西舜方建设工程有限公司,199.879937
2022 年凤县 2 万亩高标准农田建设项目5标段,凤县农业机械技术推广服务中心,陕西致诚建设有限公司,49.331277
凤翔区 2022 年度 3.5 万亩高标准农田建设项目十一标段,宝鸡市凤翔区农业农村局,陕西虹升建设工程有限公司,98.058903
永清景秀棚户区改造项目室外工程,宝鸡市新城投资建设开发有限公司,陕西钰诺实业有限公司,732.932661
眉县太白山小学新建综合楼项目,眉县太白山小学,陕西方泰建设工程有限公司,485.879852
麟游县苏陕协作培训基地建设项目,麟游县发展和改革局,陕西福莱建设工程有限公司,748.962921
宝鸡市中心医院港务区分院和宝鸡市感染性疾病诊疗中心项目工程施工一标段,宝鸡市中心医院,中建三局集团有限公司,140498.8889
凤县殡仪馆配套基础设施建设工程项目,凤县民政局,陕西省三和建设工程有限公司,821.079679
宝鸡市金台区2022年度2万亩高标准农田建设项目三片区4标段,宝鸡市金台区农业农村局,陕西铭睿建设有限公司,68.288643
凤县2022年度土地整治项目勘测、设计标段,凤县金坤土地开发整理有限公司,陕西赛佳自然资源空间规划勘测设计院有限公司,108.88
宝鸡市输水一号管线更新改造工程（高速辅道段卧龙寺大桥以东）球墨管材管件,宝鸡市自来水集团有限公司,新兴铸管股份有限公司,378.4341
宝鸡市凤翔区2022年典型引领村环境整治项目九标段,宝鸡市凤翔区乡村振兴工程项目办公室,陕西淑景建筑工程有限公司,63.05148
陈仓区（高新片区）2022年度1.3万亩高标准农田建设项目施工4标,宝鸡市陈仓区千河镇人民政府,中起建工集团有限公司,134.099408
太白县老旧小区（南大街片区）改造小区内配套基础设施项目六标段,太白县住房保障服务中心,陕西禹辉建设工程有限公司,126.05139
陈仓区 2020 年老旧小区改造东大街片区配套基础设施项目一标段,宝鸡市陈仓区住房和城乡建设局,陕西方泰建设工程有限公司,211.376438
宝鸡市中心医院港务区分院和宝鸡市传染病医院（宝鸡市感染性疾病诊疗中心）建筑智能化系统建设项目,宝鸡市中心医院,苍龙集团有限公司,3565.4525
高新区 2022 年农村公路项目及水毁道路维修工程施工一标段,宝鸡高新技术产业开发区管理委员会,陕西秦发祥建设工程有限公司,118.890578
眉县 2022 年农村公路养护工程三标段,眉县农村公路发展服务中心,陕西秦龙建设工程有限公司,153.091598
高新区 2022 年农村公路项目及水毁道路维修工程施工四标段,宝鸡高新技术产业开发区管理委员会,陕西盛鑫建筑安装工程有限公司,98.993244
陇县 2023 年巩固拓展脱贫攻坚成果和乡村振兴饮水保障项目施工Ⅴ标项,陇县水利水电工作队,陕西为力建设工程有限公司,39.817861
陕西省宝鸡市（扶风县）2022年中央财政国土绿化试点示范项目新造防护林工程一标段,扶风县林业局,陕西中跃泽兴建设工程有限公司,200.119544
渭河综合整治上游干流陈仓区凤阁岭镇段防护工程,陈仓区水利水电项目建设管理办公室,陕西盛义建设集团有限公司,194.67312
2021 年度岐山县黄河流域农业面源污染治理项目一期三标段,岐山县农业农村局,中新创达咨询有限公司,31.5
陈仓区 2021 年老公安局片区老旧小区改造区外配套工程二标段,宝鸡市陈仓区住房和城乡建设局,陕西华晶建设有限公司,2499.572774
2023 年凤县黄土沟清洁型小流域综合治理工程,凤县水保生态工程项目办公室,宝鸡永安建筑工程有限责任公司,337.9075
金台区 2021 年（第二批）老旧小区改造项目施工一标段,金台区老旧小区改造工作领导小组办公室,陕西旭光建设工程有限公司,330.879038
陈仓区 2022 年抗旱应急建设工程施工一标项,宝鸡市陈仓区冯家山水库东灌区管理站,宝鸡世万德建筑工程有限公司,61.007828
渭河综合整治上游干流陈仓区拓石镇段一期防护工程三标段,宝鸡市陈仓区渭河综合治理保护中心,陕西东博伟业建设工程有限公司,218.94326
陈仓区 2022 年新增普通国省道及农村公路养护工程施工三标段,宝鸡市陈仓区农村公路发展服务中心,陕西中威宏盛建设有限公司,198.170747
太白县老旧小区（南大街片区）改造小区内配套基础设施项目一标段,太白县住房保障服务中心,陕西彤泰建筑工程有限公司,69.061315
凤翔区 2022 年度 3.5 万亩高标准农田建设项目四标段,宝鸡市凤翔区农业农村局,宝鸡德锦润丰农业农民专业合作社,98.710704
陇县草原生态修复治理项目七标段,陇县国有关山林场,陕西明启达建设工程有限公司,60.51
眉县 2022 年农村公路养护工程一标段,眉县农村公路发展服务中心,陕西一林工程有限责任公司,116.41762
2022年太白县红岩河石沟段（石沟河）防洪工程三标段,太白县河务工作站,陕西建安工程建设集团有限公司,193.120604
眉县滨河新区客运站综合楼建设项目（二次）,眉县顺达公共交通有限公司,陕西全硕建筑工程有限责任公司,1319.148127
麟游县 2022 年九成宫镇 1万亩高标准农田建设项目三标段,麟游县农业农村局,陕西驰志建筑工程有限公司,204.157624
宝鸡高新区伐鱼河生态治理建设项目三标段,宝鸡市环境保护局高新分局,陕西中诚生态建设有限公司,322.15033
宝鸡市陈仓区群力家属区老旧小区改造主体修缮项目一期施工,宝鸡市陈仓区住房和城乡建设局,陕西怡安建设工程有限公司,423.859979
陇县草原生态修复治理项目六标段,陇县国有关山林场,陕西腾辉盈创建设工程有限公司,89.7422
千阳县2022年高标准农田建设项目十一标段,千阳县农业农村局,陕西宏泰博远建筑工程有限公司,55.173978
陈仓区 2021 年老公安局片区老旧小区改造区外配套工程一标段,宝鸡市陈仓区住房和城乡建设局,陕西龚隆建设工程有限公司,3102.384587
凤县嘉陵江生态保护提升项目（南岸一期）四标段,凤县住房和城乡建设局,陕西江川建设有限公司,396.802602
宝鸡市金台区宝福路151片区、宝福路5号院片区、东门口片区、沿河新村家属院、华辰小区、叉车三厂及斗中家属院、宝十路东片区、群众路沿线片区、卧龙寺街道电镀厂老旧小区改造项目Ⅳ标段,金台区老旧小区改造工作领导小组办公室,陕西宇天建设工程有限公司,267.725202
陕西省宝鸡市（扶风县）2022年中央财政国土绿化试点示范项目新造防护林工程6标段,扶风县林业局,扶风鹏程绿化园林工程有限责任公司,170.504836
太白县石头河桃川镇杨下段水毁修复工程Ⅲ标项,太白县河务工作站,陕西宏兴建设工程有限公司,122.704133
2022 年凤县 2 万亩高标准农田建设项目2标段,凤县农业机械技术推广服务中心,宝鸡惠兴华农机有限公司,47.080299
岐山县秦岭生态保护和修复 2021 年退化林修复项目国有崛山林场实施区三标段,岐山县林业局,宝鸡祥腾瑞建设工程有限公司,71.238075
扶风县人民医院感染疾病科改造项目,扶风县人民医院,周秦建设有限公司,438.861008
西凤酒酿酒工业遗产群提升改造项目-游客接待中心工程施工,陕西西凤酒股份有限公司,通号建设集团第一工程有限公司,2892.81613
凤翔区 2022 年度 3.5 万亩高标准农田建设项目二十标段,宝鸡市凤翔区农业农村局,陕西金丝路建设工程有限公司,224.576798
陇县 2023 年巩固拓展脱贫攻坚成果和乡村振兴饮水保障项目施工Ⅵ标项,陇县水利水电工作队,陕西沃雄建设工程有限公司,55.850816
岐山县 2022 年中央财政国土绿化试点示范项目蒲村镇实施区三标段白雀寺作业区,岐山县林业局,奕辉建设有限公司,271.254932
2022 年省级水利发展资金眉县城区供水管网改造工程监理标段,眉县平阳自来水有限责任公司,陕西志通水利水电工程监理有限公司,17.1
宝鸡市陈仓区 2022 年 2 万亩高标准农田建设项目施工标段,宝鸡市陈仓区农业技术推广服务中心,陕西路弘航晟建设有限公司,2182.677541
太白县石头河桃川镇杨下段水毁修复工程Ⅱ标项,太白县河务工作站,陕西铭睿建设有限公司,77.481977
凤县嘉陵江生态保护提升项目（南岸一期）二标段,凤县住房和城乡建设局,宝鸡永安建筑工程有限责任公司,1019.953527
明星村棚户区改造三期地块二（南地块）项目 3#、5#、6#、7#楼及地下车库工程施工,宝鸡市新城投资建设开发有限公司,宝鸡市第二建筑工程有限责任公司,24910.7759
宝鸡市金台区2022年度2万亩高标准农田建设项目三片区2标段,宝鸡市金台区农业农村局,陕西腾宇电力有限公司,192.749247
岐山县2022年农村环境整治项目施工六标段蒲村镇蒲村村,宝鸡市生态环境局岐山分局,陕西中成建设工程有限公司,122.317916
太白县服装加工苏陕协作扶贫车间监理,太白县咀头镇凉峪村股份经济合作社,智信鹏博项目管理咨询有限公司,9.39
千阳县2022年高标准农田建设项目八标段,千阳县农业农村局,陕西万正水利水电工程有限公司,73.474923
宝鸡市金台区2022年度2万亩高标准农田建设项目三片区9标段,宝鸡市金台区农业农村局,西安理工大学水利水电土木建筑研究设计院,27.2
眉县2022年通村公路完善工程、集中居住30户以上自然村通硬化路工程、建制村通双车道工程6标段,眉县农村公路发展服务中心,陕西中铎控股集团有限公司,122.990804
岐山县秦岭生态保护和修复 2021 年退化林修复项目国有崛山林场实施区二标段,岐山县林业局,陕西绿枫园林工程有限公司,44.58024
千阳县2022年高标准农田建设项目三十标段,千阳县农业农村局,陕西北春建设工程有限公司,43.874424
2022年太白县红岩河石沟段（石沟河）防洪工程二标段,太白县河务工作站,陕西大廓建设工程有限责任公司,221.500753
2022年凤县2万亩高标准农田建设项目25标段,凤县农业机械技术推广服务中心,陕西西部生态园林建筑工程有限公司,58.683279
凤县秦岭生态避灾搬迁项目（凤县坪坎镇坪坎村集中安置点）,凤县城市建设投资开发有限责任公司,陕西盛彩建设工程有限公司,242.184862
宝鸡市金台区宝福路151片区、宝福路5号院片区、东门口片区、沿河新村家属院、华辰小区、叉车三厂及斗中家属院、宝十路东片区、群众路沿线片区、卧龙寺街道电镀厂老旧小区改造项目Ⅴ标段,金台区老旧小区改造工作领导小组办公室,宝鸡方中建筑工程有限公司,144.312863
法门新镇区灵山路、普陀路及市民中心广场照明工程项目,扶风县法门镇人民政府,西安嘉烨能源科技有限公司,290.718085
宝鸡市凤翔区2022年典型引领村环境整治项目四标段,宝鸡市凤翔区乡村振兴工程项目办公室,陕西宏德祥建设工程有限公司,110.791342
宝鸡市扶风县中央预算内2022年高标准农田建设项目9标段,扶风县高标准农田建设工作领导小组办公室,陕西金丝路建设工程有限公司,94.074466
太白县老旧小区（南大街片区）改造小区内配套基础设施项目五标段,太白县住房保障服务中心,陕西广昱宏建设工程有限公司,90.721029
宝鸡市陈仓区 2022 年 2 万亩高标准农田建设项目监理标段,宝鸡市陈仓区农业技术推广服务中心,陕西兴华恒通项目管理有限公司,38.678326
太白县关上街小流域综合治理工程二标段,太白县水土保持工作站,陕西省石头河水电工程局,216.007745
千阳县2022年高标准农田建设项目三标段,千阳县农业农村局,灵台县金旺鑫农产品经销有限公司,42.4794
麟游县 2022 年九成宫镇 1 万亩高标准农田建设项目二标段,麟游县农业农村局,陕西卓诚建筑景观工程有限公司,134.286988
陇县2022年农村公路养护工程施工1标段,陇县农村公路管理站,陕西康惠建设工程有限公司,187.062583
麟游县 2022 年度 7 处地质灾害隐患点治理工程六标段,麟游县自然资源局,陕西启秦建设工程有限公司,55.512506
陇县 2023 年巩固拓展脱贫攻坚成果和乡村振兴饮水保障项目施工Ⅺ标项,陇县水利水电工作队,西北中伟建设集团有限公司,59.857181
眉县 2022 年（第二批）农村公路养护工程,眉县农村公路发展服务中心,陕西精工建设有限公司,349.665229
明星村棚户区改造三期地块二（南地块）项目 1#、2#、4#楼及地下车库工程,宝鸡市新城投资建设开发有限公司,宝鸡建安集团股份有限公司,24968.86598
扶风县城垃圾无害化处理场提标改造工程二标段,扶风绿盛城建有限责任公司,陕西博晟源建设工程有限公司,388.21663
2022年省级水利发展资金水土保持项目金台区六川河水保示范园提升工程,宝鸡市金台区水利水保工作站,陕西黎明建设工程有限公司,259.983518
建工花园（东尚天誉）棚户区改造小区外配套基础设施建设项目（周边规划四路道路建设工程）项目,宝鸡市渭滨区房屋综合开发公司,陕西卓都建设工程有限公司,478.381393
2022年凤县2万亩高标准农田建设项目31标段,凤县农业机械技术推广服务中心,陕西中三建设有限公司,54.245077
陈仓区（高新片区）2022 年度 1.3 万亩高标准农田建设项目施工8标项,宝鸡市陈仓区千河镇人民政府,陕西璟耀建设工程有限公司,58.62298
G244凤翔县城至虢镇公路项目前期工作地震安全性评价、防洪影响评价、地质灾害危险性评价、两阶段设计安全性评价共四项咨询服务四标段,宝鸡市公路局,冠程设计咨询有限公司,19.5
宝鸡市扶风县中央预算内2022年高标准农田建设项目8标段,扶风县高标准农田建设工作领导小组办公室,陕西浦和建设工程有限公司,89.71251
2022 年度千河千阳县屈家湾村、水沟村、纸坊沟村段防洪治理工程——纸坊沟村段工程Ⅰ标段,千阳县河务工作站,陕西博迪建设工程有限公司,377.923816
凤翔区 2022 年度 3.5 万亩高标准农田建设项目二标段,宝鸡市凤翔区农业农村局,陕西中腾实业有限公司,291.7517
宝鸡北过境和钓磻高速公路项目地质灾害评估报告编制及防洪评价报告编制技术服务二标段,宝鸡市交通运输局重大项目建设管理办公室,陕西黄河生态工程有限公司,159.5
陈仓区（高新片区）2022 年度 1.3 万亩高标准农田建设项目施工10标项,宝鸡市陈仓区千河镇人民政府,陕西华盾创典建设工程有限公司,114.072797
岐山县2022年农村环境整治项目施工三标段凤鸣镇北寨子村,宝鸡市生态环境局岐山分局,陕西秦钰建筑工程有限公司,110.926448
陇县香菇菌袋加工厂建设项目七标段,陇县温水镇人民政府,陕西奉航建设有限公司,203.845127
凤县平木镇污水处理厂及配套管网建设项目三标段,凤县平木镇人民政府,陕西中金联建设工程有限公司,240.606072
2022年太白县红岩河石沟段（石沟河）防洪工程七标段,太白县河务工作站,陕西志通水利水电工程监理有限公司,23.92
岐山县2022年农村环境整治项目施工七标段蔡家坡镇岐星村,宝鸡市生态环境局岐山分局,昊轩建设有限公司,62.011122
陈仓区2022年通村公路完善工程施工十一标段,宝鸡市陈仓区农村公路发展服务中心,陕西金丝路建设工程有限公司,86.871082
陕西省宝鸡市（岐山县）2022 年中央财政国土绿化试点示范项目退化林分修复崛山林场实施区（4标段）,岐山县林业局,陕西华宝农林科技有限公司,294.76495
岐山县老年公寓建设项目电梯工程（二次）,岐山县民政局,陕西鸿兴达暖通工程有限责任公司,253.978
宝鸡市凤翔区 2022 年省级水利发展资金水利工程维修养护项目小型水利工程施工标项,宝鸡市凤翔区横水河灌溉管理处,陕西鑫胜永建筑工程有限公司,58.688086
陕西烽火集团（一现场、五现场）老旧小区住宅楼及节能改造建设项目施工,陕西烽火通信集团有限公司,陕西千祥建设工程有限公司,903.856895
G342 凤州至凤县公路改建工程政府和社会资本合作（PPP）项目监理,凤县交通运输局重点项目建设办公室,内蒙古宏远建设监理有限责任公司,407.38
岐山县底寺水库除险加固工程施工,岐山县病险水库除险加固工程项目建设办公室,义峰建设投资集团有限公司,342.601073
宝鸡市生活垃圾处理 EPC 工程总承包项目,陕西恒源城环境电力有限责任公司,西北电力建设第三工程有限公司,59915.9152
312 省道凤翔区长青镇马道口至城区段路面改造工程施工 I 标段,宝鸡市凤翔区交通运输局,陕西高速机械化工程有限公司,3318.620551
宝鸡市凤翔区桃树沟水库除险加固工程二标段,宝鸡市凤翔区横水河灌溉管理处,陕西和元实业有限公司,564.791755
陕西省宝鸡市（岐山县）2022 年中央财政国土绿化试点示范项目退化林分修复崛山林场实施区（2标段）,岐山县林业局,陕西墨氏圣浩建设工程有限公司,175.009311
千阳县2022年高标准农田建设项目十标段,千阳县农业农村局,陕西奥龙建设工程有限公司,54.040269
宝鸡市凤翔区2022年典型引领村环境整治项目一标段,宝鸡市凤翔区乡村振兴工程项目办公室,陕西帝弛汽车销售服务有限公司,79.5
2022年凤县2万亩高标准农田建设项目37标段,凤县农业机械技术推广服务中心,陕西中和安建设工程有限公司,65.503359
凤县秦岭生态避灾搬迁项目（凤县凤州镇龙口社区集中安置点）,凤县城市建设投资开发有限责任公司,宝鸡通亚建筑工程有限责任公司,866.195493
渭河综合整治上游干流陈仓区拓石镇段一期防护工程四标段,宝鸡市陈仓区渭河综合治理保护中心,陕西光明建设有限公司,285.44127
凤翔区 2022 年度 3.5 万亩高标准农田建设项目十九标段,宝鸡市凤翔区农业农村局,陕西华源亚泰建设有限公司,214.342301
眉县2022年通村公路完善工程、集中居住30户以上自然村通硬化路工程、建制村通双车道工程7标段,眉县农村公路发展服务中心,陕西康惠建设工程有限公司,116.065132
宝鸡高新大都荟项目西区室外工程施工,宝鸡高新城市发展建设有限公司,陕西大业盛德建设有限公司,1785.4118
凤翔区 2022 年度 3.5 万亩高标准农田建设项目七标段,宝鸡市凤翔区农业农村局,宝鸡大地丰化肥有限公司,190.2275
渭河综合整治上游干流陈仓区拓石镇段一期防护工程一标段,宝鸡市陈仓区渭河综合治理保护中心,陕西秦岭水利工程有限公司,289.68162
2022 年凤县 2 万亩高标准农田建设项目3标段,凤县农业机械技术推广服务中心,昊轩建设有限公司,40.905437
陇县草原生态修复治理项目一标段,陇县国有关山林场,陕西启筑达建设工程有限公司,81.42374
渭滨区建国新村片区老旧小区改造主体修缮工程项目一期,宝鸡市渭滨区住房和城乡建设局,陕西金博凯业建设工程有限公司,461.168082
宝鸡市渭滨区“百万亩绿色碳库”试点示范基地建设项目施工一标段（二次）,陕西渭滨发展投资有限公司,陕西喜林绿化工程建设有限公司,285.9414
凤县老旧小区（小峪河沿岸）改造小区外配套基础设施建设项目（一期）,凤县顺达城市建设工程有限公司,陕西武功建筑工程总公司,403.674696
宝鸡市热力有限责任公司石龙路（合兴路-张庙路）、渭滨大道西段（合兴路-张庙路东）供热管网工程预制直埋保温管采购项目,宝鸡市热力有限责任公司,宝鸡蓝天保温防护工程有限公司,636.2179
陇县2022年农村公路养护工程施工4标段,陇县农村公路管理站,陕西中欣联盛工程项目管理有限公司,58.143356
千阳县2022年高标准农田建设项目二十三标段,千阳县农业农村局,秦华建设有限公司,60.76933
宝鸡市扶风县中央预算内2022年高标准农田建设项目13标段,扶风县高标准农田建设工作领导小组办公室,陕西怡安建设工程有限公司,109.727479
凤县2022年度土地整治项目五标段,凤县金坤土地开发整理有限公司,陕西赟鹏建设工程有限公司,249.993885
太白县石头河桃川镇杨下段水毁修复工程Ⅰ标项,太白县河务工作站,河南省盛发电力工程有限公司,202.496873
2022年凤县2万亩高标准农田建设项目30标段,凤县农业机械技术推广服务中心,陕西万象坤实业有限公司,39.959632
岐山县凤凰山至张家山防火通道改扩建工程（二期）二标段,岐山县林业局,陕西金兴和建设工程有限公司,420.775682
陕西省宝鸡市（岐山县）2022 年中央财政国土绿化试点示范项目凤鸣镇实施区五标段,岐山县林业局,陕西墨氏石墨烯科技有限公司,203.0738
凤翔区 2022 年度 3.5 万亩高标准农田建设项目十二标段,宝鸡市凤翔区农业农村局,陕西中辰实业有限公司,107.918726
陇县2022年农村公路养护工程施工6标段,陇县农村公路管理站,陕西博晟源建设工程有限公司,39.492973
2022年太白县红岩河石沟段（石沟河）防洪工程四标段,太白县河务工作站,陕西桥陵塑业有限公司,231.539425
眉县2022年通村公路完善工程、集中居住30户以上自然村通硬化路工程、建制村通双车道工程4标段,眉县农村公路发展服务中心,陕西耀峰建设工程有限公司,122.492752
陈仓区 2022 年抗旱应急建设工程施工二标项,宝鸡市陈仓区冯家山水库东灌区管理站,陕西大庭建设工程有限公司,101.03555
凤县嘉陵江生态保护提升项目（南岸一期）一标段,凤县住房和城乡建设局,陕西虹升建设工程有限公司,789.525329
金台区新增普通省道养护工程一标段 ,金台区农村公路发展服务中心,陕西西建路桥工程有限公司,440.298897
渭河综合整治上游干流陈仓区拓石镇段一期防护工程五标段,宝鸡市陈仓区渭河综合治理保护中心,陕西咸阳万方工程建设监理有限公司,20.6
岐山县 2022 年中央财政国土绿化试点示范项目蒲村镇实施区四标段马家沟作业区,岐山县林业局,陕西龙昱禾薇建设工程有限公司,287.82905
陈仓区老旧小区改造群力路片区区外配套基础设施建设项目监理,宝鸡市陈仓区住房和城乡建设局,陕西华宇腾项目管理有限公司,45.13
金台区 2021 年黄土高原水土流失综合治理封山育林项目,宝鸡市金台区林果技术推广站,陕西中信泽建设工程有限公司,62.6797
麟游县 2022 年度 7 处地质灾害隐患点治理工程二标段,麟游县自然资源局,陕西博德景观建设有限公司,333.882788
凤翔区 2022 年度 3.5 万亩高标准农田建设项目二十二标段,宝鸡市凤翔区农业农村局,陕西华海水利工程有限公司,228.603568
轨工产业核心能力建设暨宝鸡时代提质增能项目一期建设工程土石方工程项目,宝鸡中车时代工程机械有限公司,陕西宇天建设工程有限公司,887.969213
2022 年省级水利发展资金眉县城区供水管网改造工程施工标段,眉县平阳自来水有限责任公司,大荔县黄河水利实业有限公司,512.849257
柴胡种植产业发展项目（库房建设）,宝鸡市金台区忆农种养殖农民专业合作社联合社地,陕西创恒轩建筑工程有限公司,116.639921
千阳县2022年高标准农田建设项目二十六标段,千阳县农业农村局,陕西鸿敏达建设工程有限公司,54.509514
马营镇永清村综合开发建设项目（清山栖里）施工二标段,宝鸡高新城市发展建设有限公司,陕西华晶建设有限公司,10667.35208
G244凤翔县城至虢镇公路项目前期工作地震安全性评价、防洪影响评价、地质灾害危险性评价、两阶段设计安全性评价共四项咨询服务一标段,宝鸡市公路局,陕西震兴地震工程勘察有限公司,28.5
2021 年中央水利发展资金麟游县水土保持项目二标段,麟游县水保生态工程建设项目办公室地,陕西三元建设有限公司,63.34219
2021年宝光路至窑院县乡公路改建工程二三标段,宝鸡市渭滨区交通运输局,陕西基兴建设工程有限公司,355.162816
清姜路沿街两侧建筑立面及亮化改造提升建设项目二次,宝鸡市渭滨区住房和城乡建设局地,陕西中尚建设有限公司,445.216367
宝鸡市凤翔区 2022 年第二批财政衔接资金项目供水保障工程,宝鸡市凤翔区农村供水保障工程项目办公室,陕西太和建设工程有限公司,189.877582
S104西宝中线阳平至陈仓公路（光芒至大众段）新改建工程监理标段（二次）,宝鸡市陈仓区交通运输局,宝鸡市方达交通工程监理有限责任公司,35.312
2022年省级水利发展资金麟游县山神沟生态清洁小流域建设项目一标段,麟游县水保生态工程建设项目办公室,陕西中正鑫麟科技建工贸有限公司,247.791343
陈仓区 2020 年老旧小区改造东大街片区配套基础设施项目二标段,宝鸡市陈仓区住房和城乡建设局,陕西宏大建筑工程有限公司,258.164097
宝鸡市自来水集团有限公司第二批“三供一业”供水维修改造工程施工标段,宝鸡市自来水集团有限公司,宝鸡市城建工程公司,2997.648182
凤县洞沟水库除险加固工程施工,凤县河流治理工程项目办公室,陕西洪原建设工程有限公司,241.355939
宝鸡市扶风县中央预算内2022年高标准农田建设项目11标段,扶风县高标准农田建设工作领导小组办公室,陕西金博凯业建设工程有限公司,99.661598
宝鸡市冯家山灌区小型水库除险加固工程施工,宝鸡市冯家山水库管理局,陕西恒瑞水利水电工程公司,1556.384933
太白县关上街小流域综合治理工程一标段,太白县水土保持工作站,陕西亿隆建设工程有限公司,217.108524
岐山县2022年中央财政国土绿化试点示范项目故郡镇实施区七标段四方山作业区,岐山县林业局,中耀鼎盛建筑工程有限公司,317.141349
2022年凤县2万亩高标准农田建设项目21标段,凤县农业机械技术推广服务中心,陕西汇森建安工程有限公司,76.278588
宝鸡市扶风县中央预算内2022年高标准农田建设项目7标段,扶风县高标准农田建设工作领导小组办公室,陕西雅晖建设工程有限公司,96.84764
2022年凤县2万亩高标准农田建设项目32标段,凤县农业机械技术推广服务中心,恒正建设有限公司,51.453637
凤县2022年度土地整治项目八标段,凤县金坤土地开发整理有限公司,陕西百朝建筑有限公司,220.073884
国道310征地拆迁造价咨询、地质灾害评估、压覆矿产评估服务项目,宝鸡市综合交通建设协调服务中心,陕西工程勘察研究院有限公司,28.2
2022年凤县2万亩高标准农田建设项目22标段,凤县农业机械技术推广服务中心,陕西鼎铭工程有限责任公司,74.707969
宝鸡市金台区宝福路151片区、宝福路5号院片区、东门口片区、沿河新村家属院、华辰小区、叉车三厂及斗中家属院、宝十路东片区、群众路沿线片区、卧龙寺街道电镀厂老旧小区改造项目Ⅲ标段,金台区老旧小区改造工作领导小组办公室,陕西广汇建筑有限公司,303.657254
宝鸡市渭滨区“百万亩绿色碳库”试点示范基地建设项目施工四标段（二次）,陕西渭滨发展投资有限公司,陕西泽楷依实业有限公司,181.94036
宝鸡市扶风县中央预算内2022年高标准农田建设项目21标段,扶风县高标准农田建设工作领导小组办公室,陕西中金联建设工程有限公司,97.540215
凤县旺峪河三岔—留凤关段防洪工程（一期）施工Ⅱ标段,凤县河流治理工程项目办公室,陕西鑫胜永建筑工程有限公司,245.622428
宝鸡高新区明星三期棚户区改造小区外配套基础设施建设项目一期,宝鸡高新技术产业开发区管理委员会,陕西龚隆建设工程有限公司,588.14602
太白县老旧小区（南大街片区）改造小区内配套基础设施项目监理标段,太白县住房保障服务中心,陕西彩虹工程建设项目管理有限公司,17.241
陕西凌云电器集团有限公司生产综合楼项目施工,陕西凌云电器集团有限公司,宝鸡建安集团股份有限公司,1206.782584
凤翔区 2022 年度 3.5 万亩高标准农田建设项目六标段,宝鸡市凤翔区农业农村局,陕西美凯佳建筑工程有限公司,134.191282
311 省道麟游县城至良舍公路改建工程施工,麟游县交通运输局,中铁一局集团有限公司,15549.1276
宝鸡市中心医院港务区分院和宝鸡市传染病医院（宝鸡市感染性疾病诊疗中心）医疗专项智能化系统建设项目,宝鸡市中心医院,陕西华海信息技术有限公司,3588.88
岐山县安斜路胡新村水毁工程施工标段,岐山县交通运输局,陕西北春建设工程有限公司,547.902158
陈仓区 2022 年新增普通国省道及农村公路养护工程施工一标段,宝鸡市陈仓区农村公路发展服务中心,陕西宏兴建设工程有限公司,195.906903
2022年凤县2万亩高标准农田建设项目34标段,凤县农业机械技术推广服务中心,陕西金磊园林景观建设有限公司,73.435037
渭滨区 2019-2021 年度既有建筑节能改造项目（九华园）施工,宝鸡市渭滨区住房和城乡建设局,陕西秦吉建设有限责任公司,960.632716
宝鸡市金台区2022年度2万亩高标准农田建设项目三片区1标段,宝鸡市金台区农业农村局,陕西瀚威装饰设计工程有限公司,88.81
宝鸡市渭滨区“百万亩绿色碳库”试点示范基地建设项目施工五标段（二次）,陕西渭滨发展投资有限公司,南京聚耀生物科技有限公司,63.0223
G244凤翔县城至虢镇公路项目前期工作地震安全性评价、防洪影响评价、地质灾害危险性评价、两阶段设计安全性评价共四项咨询服务二标段,宝鸡市公路局,中大设计集团有限公司,9.76
眉县2022年通村公路完善工程、集中居住30户以上自然村通硬化路工程、建制村通双车道工程14标段,眉县农村公路发展服务中心,西北中伟建设集团有限公司,92.662792
眉县金渠镇红星村霸王河大桥危桥改造工程,眉县农村公路发展服务中心,陕西福林源路桥建设有限公司,519.880217
扶风县住房保障服务中心电梯采购安装项目二标段,扶风县住房保障服务中心,陕西龙腾通泰实业有限公司,329.98
宝鸡市扶风县中央预算内2022年高标准农田建设项目3标段,扶风县高标准农田建设工作领导小组办公室,陕西通达工程建设有限公司,128.654714
金台区新增普通省道养护工程 二标段,金台区农村公路发展服务中心,宝鸡路桥建设集团有限公司,513.140129
凤翔县秦凤片区租赁型保障房小区外配套道路工程,凤翔县城市建设投资经营有限公司,陕西创安工匠建筑工程有限公司,1191.165814
2022 年凤县 2 万亩高标准农田建设项目4标段,凤县农业机械技术推广服务中心,陕西星元建设工程有限公司,54.686722
麟游县 2022 年度 7 处地质灾害隐患点治理工程三标段,麟游县自然资源局,榆林市祥花建筑工程有限公司,45.610866
眉县远门河水库工程质量检测标项,眉县水务发展有限责任公司,陕西省水利电力勘测设计研究院勘察分院,73.9
宝鸡市千阳县冯坊河水库工程勘察设计标项,千阳县地下水工作队,陕西省水利电力勘测设计研究院,4618
宝鸡市扶风县中央预算内2022年高标准农田建设项目23标段,扶风县高标准农田建设工作领导小组办公室,陕西博迪建设工程有限公司,92.873625
眉县常兴镇杨家六组滑坡治理工程监理,眉县矿产资源服务中心,信息产业部电子综合勘察研究院,30.555
千阳县2022年高标准农田建设项目十三标段,千阳县农业农村局,西北中伟建设集团有限公司,43.641885
陕西省宝鸡市（岐山县）2022 年中央财政国土绿化试点示范项目凤鸣镇实施区一标段,岐山县林业局,陕西绿枫园林工程有限公司,118.44718
国道 310 线眉县青化至渭滨高家镇一级公路水产物种资源保护区影响评价报告编制服务项目,宝鸡市综合交通建设协调服务中心,西北农林科技大学,35.93
千阳县2022年高标准农田建设项目九标段,千阳县农业农村局,陕西鸿丰建工贸有限公司,55.020997
S222陈仓县功至新街公路改扩建工程新街街道改线段工程施工标段,宝鸡市陈仓区交通运输局,陕西怡安建设工程有限公司,2896.335067
凤县2022年度土地整治项目二标段,凤县金坤土地开发整理有限公司,陕西怡安建设工程有限公司,187.363013
宝鸡市渭滨区“百万亩绿色碳库”试点示范基地建设项目施工二标段（二次）,陕西渭滨发展投资有限公司,陕西中和安建设工程有限公司,129.7853
高新区 2022 年农村公路项目及水毁道路维修工程施工五标段,宝鸡高新技术产业开发区管理委员会,中格建设股份有限公司,115.76753
陈仓区2022年通村公路完善工程施工四标段,宝鸡市陈仓区农村公路发展服务中心,陕西海邦建设工程有限公司,73.991051
陇县 2023 年巩固拓展脱贫攻坚成果和乡村振兴饮水保障项目施工Ⅷ标项,陇县水利水电工作队,陕西太和建设工程有限公司,73.359628
千阳县2022年高标准农田建设项目三十六标段,千阳县农业农村局,陕西润泽科技发展有限公司,88.800418
千阳县2022年高标准农田建设项目四标段,千阳县农业农村局,陕西朝扬建设工程有限公司,70.032726
陈仓区 2020 年老旧小区改造西大街片区配套基础设施项目二标段,宝鸡市陈仓区住房和城乡建设局,陕西德华永亨建设工程有限公司,276.694463
陈仓区 2020 年老旧小区改造东大街片区配套基础设施项目三标段,宝鸡市陈仓区住房和城乡建设局,宝鸡市华驰建筑工程有限公司,259.170608
千阳县2022年高标准农田建设项目二十二标段,千阳县农业农村局,陕西赟鹏建设工程有限公司,64.018078
太白县桃川镇枣园生态清洁小流域综合治理工程I标段,太白县水土保持工作站,陕西鸿敏达建设工程有限公司,200.14015
岐山县秦岭生态保护和修复 2021 年退化林修复项目国有崛山林场实施区一标段,岐山县林业局,宝鸡涝川天润绿化科技有限公司,128.94906
千阳县庙沟、皂角树沟水库除险加固工程三标段,千阳县灌溉管理站,陕西方源正达项目管理咨询有限公司,17.06
宝鸡市凤翔区 2022 年农村公路养护工程三标段,宝鸡市凤翔区农村公路发展服务中心,陕西怡安建设工程有限公司,68.236754
西庄移民搬迁集中安置点建设项目,凤县双石铺镇人民政府,宝鸡永安建筑工程有限责任公司,458.976346
岐山县凤凰山至张家山防火通道改扩建工程（二期）一标段,岐山县林业局,陕西太和建设工程有限公司,463.325068
渭滨区清姜河太平庄至益门堡段防洪治理工程三标段,陕西渭滨发展投资有限公司,陕西秦岭水利工程有限公司,335.646145
眉县2022年通村公路完善工程、集中居住30户以上自然村通硬化路工程、建制村通双车道工程3标段,眉县农村公路发展服务中心,陕西怡安建设工程有限公司,114.857694
麟游县 2022 年农村公路养护工程A标段,麟游县农村公路发展服务中心,陕西西和建设有限公司,179.331277
宝鸡市凤翔区2022年典型引领村环境整治项目十二标段,宝鸡市凤翔区乡村振兴工程项目办公室,陕西子恒建筑工程有限公司,20.241637
2022年太白县红岩河石沟段（石沟河）防洪工程一标段,太白县河务工作站,陕西奥龙建设工程有限公司,192.00081
陇县香菇菌袋加工厂建设项目四标段,陇县温水镇人民政府,宝鸡西虢建筑工程有限责任公司,238.408249
凤翔区低效园地退园还耕实施占补平衡土地整治（8个项目）项目监理,宝鸡市凤翔土地开发整理中心,陕西中安工程管理咨询有限公司,30
陈仓区科技二路、南辅道道路建设项目,宝鸡市陈仓区住房和城乡建设局,宝鸡市鑫麟建筑工程有限公司,1699.670086
凤县2022年度土地整治项目九标段,凤县金坤土地开发整理有限公司,陕西裕鑫凯顺建设工程有限公司,132.272154
宝鸡市扶风县中央预算内2022年高标准农田建设项目19标段,扶风县高标准农田建设工作领导小组办公室,陕西中诚万润建设工程有限公司,115.101919
宝鸡市凤翔区2022年“最美农村路”三王路、小南路项目第二合同标段,宝鸡市凤翔区农村公路发展服务中心,陕西鹏达建工集团有限公司,315.491665
千阳县草碧河上桐家段治理工程草碧镇段堤顶防汛路硬化项目,千阳县河务工作站,陕西欧宝建设工程有限公司,601.651947
麟游县 2022 年九成宫镇 1 万亩高标准农田建设项目一标段,麟游县农业农村局,陕西多伟源建设工程有限公司,150
岐山县 2022 年“四好农村路”示范县奖补项目扶曹公路特坏路段路面改造工程二标段,岐山县交通运输局,陕西济鼎乾川建设工程有限公司,370.56558
眉县远门河水库工程监理Ⅰ标项,眉县水务发展有限责任公司,陕西江河工程项目管理有限责任公司,322.0155
陕西省宝鸡市（岐山县）2022 年中央财政国土绿化试点示范项目凤鸣镇实施区三标段,岐山县林业局,西安龙岩景观工程设计有限公司,286.3066
2022年凤县2万亩高标准农田建设项目20标段,凤县农业机械技术推广服务中心,陕西洪畅建设有限公司,64.991291
宝鸡第三医院新建门诊综合楼（一期）监理服务,宝鸡第三医院,陕西中安工程管理咨询有限公司,45.2
岐山县秦岭生态保护和修复 2021 年退化林修复项目国有崛山林场实施区六标段,岐山县林业局,岐山县宏福建筑装饰有限公司,88.672092
陈仓区2022年通村公路完善工程施工九标段,宝鸡市陈仓区农村公路发展服务中心,陕西精工建设有限公司,100.563808
宝鸡市扶风县中央预算内2022年高标准农田建设项目16标段,扶风县高标准农田建设工作领导小组办公室,陕西强鼎建筑工程有限公司,109.0476
宝鸡市扶风县中央预算内2022年高标准农田建设项目20标段,扶风县高标准农田建设工作领导小组办公室,陕西奉航建设有限公司,83.909981
马营镇永清村综合开发建设项目（清山栖里）施工一标段,宝鸡高新城市发展建设有限公司,陕西华晶建设有限公司,24464.16621
千阳县水沟镇输水干渠抗旱应急修复工程Ⅰ标项,千阳县灌溉管理站,陕西盛鑫建筑安装工程有限公司,172.263086
金台区宝福路西段道路改造工程,宝鸡市金台区住房和城乡建设局地,陕西广汇建筑有限公司,96.22
宝鸡市扶风县中央预算内2022年高标准农田建设项目18标段,扶风县高标准农田建设工作领导小组办公室,诺力泰国际建设集团有限公司,59.8
宝鸡市扶风县中央预算内2022年高标准农田建设项目15标段,扶风县高标准农田建设工作领导小组办公室,宝鸡江淮建设工程有限公司,98.977824
麟眉路宝鸡峡引渭渠桥危桥改造工程,眉县交通运输局,陕西盛坤建设工程有限公司,281.176329
宝鸡市凤翔区2022年典型引领村环境整治项目三标段,宝鸡市凤翔区乡村振兴工程项目办公室,陕西虹福建设工程有限公司,20.227581
千阳县2022年高标准农田建设项目二十五标段,千阳县农业农村局,陕西先河水利工程有限公司,66.266784
太白县老旧小区（南大街片区）改造小区内配套基础设施项目三标段,太白县住房保障服务中心,陕西广汇建筑有限公司,107.198869
凤县嘉陵江南片区老旧小区改造配套幼儿园建设项目（一期）,宝鸡秦通集团凤县运输公司,宝鸡永安建筑工程有限责任公司,406.559816
陕西省宝鸡市（扶风县）2022年中央财政国土绿化试点示范项目新造防护林工程4标段,扶风县林业局,扶风嘉和园林绿化工程有限公司,186.64027
凤翔区 2022 年度 3.5 万亩高标准农田建设项目二十六标段,宝鸡市凤翔区农业农村局,陕西盛长青建设工程有限公司,113.923738
蟠龙新居保障性住房项目B10#B13#楼裙房电动排烟窗工程,宝鸡市蟠龙新区开发建设有限公司,陕西东方名城建设工程有限公司,172.569393
2021 年度岐山县黄河流域农业面源污染治理项目一期一标段,岐山县农业农村局,陕西千祥建设工程有限公司,352.101858
金台区新增普通省道养护工程三标段 ,金台区农村公路发展服务中心,扶风同力建设工程有限公司,435.694815
宝鸡市扶风县中央预算内2022年高标准农田建设项目28标段,扶风县高标准农田建设工作领导小组办公室,陕西宝枫园林科技工程有限公司,96.62976
凤县秦岭生态避灾搬迁项目（凤县唐藏镇辛家庄村集中安置点）,凤县城市建设投资开发有限责任公司,陕西金兴和建设工程有限公司,165.109237
陕西省宝鸡市（扶风县）2022年中央财政国土绿化试点示范项目新造防护林工程二标段,扶风县林业局,陕西四季花城现代农业发展有限公司,210.762296
千阳县人民医院后勤保障楼建设项目,千阳县人民医院,陕西鑫轩园建筑工程有限公司,991.898096
陈仓区磷肥厂家属院片区老旧小区改造区外配套基础设施建设项目施工,宝鸡市陈仓区住房和城乡建设局,陕西华晶建设有限公司,1503.726855
陇县 2023 年巩固拓展脱贫攻坚成果和乡村振兴饮水保障项目施工Ⅲ标项,陇县水利水电工作队,陕西怡安建设工程有限公司,123.880361
宝鸡市金台区宝福路151片区、宝福路5号院片区、东门口片区、沿河新村家属院、华辰小区、叉车三厂及斗中家属院、宝十路东片区、群众路沿线片区、卧龙寺街道电镀厂老旧小区改造项目Ⅰ标段,金台区老旧小区改造工作领导小组办公室,陕西奉航建设有限公司,225.030546
312 省道凤翔区长青镇马道口至城区段路面改造工程施工 II 标段,宝鸡市凤翔区交通运输局,宝鸡路桥建设集团有限公司,3119.942422
千阳县2022年高标准农田建设项目二十九标段,千阳县农业农村局,陕西大廓建设工程有限责任公司,43.855343
凌云科研配套中心建设项目施工,陕西凌云电器集团有限公司,宝鸡建安集团股份有限公司,20982.79797
宝鸡市金台区2022年度2万亩高标准农田建设项目三片区6标段,宝鸡市金台区农业农村局,陕西智鸿项目管理有限公司,29.7
千阳县2022年高标准农田建设项目二十八标段,千阳县农业农村局,陕西金煜隆建设工程有限公司,47.558781
渭滨区建国新村片区老旧小区改造区内配套基础设施建设项目一期,宝鸡市渭滨区住房和城乡建设局,陕西华晶建设有限公司,1429.955464
宝鸡北过境和钓磻高速公路项目地质灾害评估报告编制及防洪评价报告编制技术服务一标段,宝鸡市交通运输局重大项目建设管理办公室,机械工业勘察设计研究院有限公司,33.28
陈仓区2022年通村公路完善工程施工十三标段,宝鸡市陈仓区农村公路发展服务中心,宝鸡市路健市政工程有限责任公司,70.652313
眉县远门河水库工程施工标项,眉县水务发展有限责任公司,陕西水利水电工程集团有限公司,17255.30375
扶风县胜利社区排污口收集工程,扶风县城市管理执法局,宝鸡永安建筑工程有限责任公司,112.03
宝鸡市凤翔区2022年典型引领村环境整治项目十标段,宝鸡市凤翔区乡村振兴工程项目办公室,陕西东方华辰建筑工程有限公司,38.24538
千阳县2022年高标准农田建设项目二十七标段,千阳县农业农村局,宝鸡世万德建筑工程有限公司,60.193392
紫光辰济（宝鸡）医药生产基地 EPC 项目,陕西紫光高新药业有限公司,山西省工业设备安装集团有限公司,16600
宝鸡市扶风县中央预算内2022年高标准农田建设项目17标段,扶风县高标准农田建设工作领导小组办公室,陕西昱锦晨建设工程有限公司,103.26192
凤县县城公共停车场建设项目（二期）Ⅱ标段施工,凤县城市建设投资开发有限责任公司,陕西晗乔建设工程有限公司,418.856562
2022 年凤县 2 万亩高标准农田建设项目1标段,凤县农业机械技术推广服务中心,宝鸡德锦润丰农业农民专业合作社,41.542326
宝鸡隆科机床有限公司双鸥家属区老旧小区小区内改造配套基础设施项目二标段项目,宝鸡隆科机床有限公司,陕西宇天建设工程有限公司,565.116623
陈仓区2022年通村公路完善工程施工二标段,宝鸡市陈仓区农村公路发展服务中心,陕西金兴和建设工程有限公司,80.214866
宝鸡市扶风县中央预算内2022年高标准农田建设项目30标段,扶风县高标准农田建设工作领导小组办公室,陕西方泰建设工程有限公司,101.95332
凤县旺峪河三岔—留凤关段防洪工程（一期）施工Ⅲ标段,凤县河流治理工程项目办公室,陕西鸿敏达建设工程有限公司,303.501597
太白山旅游基础设施项目（景区标识标牌工程）,陕西太白山旅游区管理委员会,西安智巢品牌管理咨询有限公司,251.23615
扶风新兴产业园西二路延伸段道路管网及基础配套设施项目,扶风县新兴产业集聚服务中心,陕西中信泽建设工程有限公司,577.307344
陈仓区磷肥厂家属院片区老旧小区改造区外配套基础设施建设项目监理,宝鸡市陈仓区住房和城乡建设局,陕西华宇腾项目管理有限公司,17.080404
凤翔区 2022 年度 3.5 万亩高标准农田建设项目十八标段,宝鸡市凤翔区农业农村局,陕西基兴建设工程有限公司,209.794634
宝鸡市扶风县中央预算内2022年高标准农田建设项目25标段,扶风县高标准农田建设工作领导小组办公室,陕西盛太建设工程有限公司,68.946464
太白县服装加工苏陕协作扶贫车间施工,太白县咀头镇凉峪村股份经济合作社,陕西中辰实业有限公司,363.947049
眉县2022年通村公路完善工程、集中居住30户以上自然村通硬化路工程、建制村通双车道工程2标段,眉县农村公路发展服务中心,陕西创铭建设工程有限责任公司,105.72523
岐山县2022年中央财政国土绿化试点示范项目故郡镇实施区四标段簸箕掌作业区二,岐山县林业局,陕西淮业建设有限公司,154.152443
太白县石头河桃川镇杨下段水毁修复工程Ⅳ标项,太白县河务工作站,宝鸡世万德建筑工程有限公司,195.421482
陈仓区（高新片区）2022年度1.3万亩高标准农田建设项目施工2标,宝鸡市陈仓区千河镇人民政府,杨凌新领地生物科技有限公司,55.58
眉县2022年通村公路完善工程、集中居住30户以上自然村通硬化路工程、建制村通双车道工程5标段,眉县农村公路发展服务中心,陕西中欣联盛工程项目管理有限公司,106.928594
千阳县2022年高标准农田建设项目二标段,千阳县农业农村局,西安市奥美特肥业有限公司,46.397644
宝鸡市凤翔区2022年典型引领村环境整治项目十一标段,宝鸡市凤翔区乡村振兴工程项目办公室,陕西煜昇工程技术有限公司,31.334948